{
  "StoneStocks": {
    "url": ""
    
  },
  "WooCommerce": {
    "url": "https://mstore.io",
    "consumerKey": "ck_b7594bc4391db4b56c635fe6da1072a53ca4535a",
    "consumerSecret": "cs_980b9edb120e15bd2a8b668cacc734f7eca0ba40"
  },
  "HorizonLayout": [
    {
      "layout": "bannerLayout"
    },
    {
      "name": "popular",
      "image": "",
      "layout": "threeColumn",
      "category": "High Demand"
    },
    {
      "name": "bestSeller",
      "image": "",
      "layout": "threeColumn",
      "category": "Recently Added"
    },
    {
      "name": "mostViewed",
      "image": "",
      "layout": "threeColumn",
      "category": "Most Viewed"
    },
    {
      "name": "seeAll",
      "layout": "customButton"
    }
  ],
  "MainColor": "#ed8723"
}


/*
{
      "layout": "circleCategory"
    },
{
      "imageBanner": "https://s3-ap-southeast-1.amazonaws.com/mstore-bucket.io/wp-content/uploads/2019/02/25142145/woman-large.png",
      "layout": "bannerImage",
      "height": 118,
      "category": 22
    },
{
    "name": "featureProducts",
      "image": "",
      "layout": "threeColumn",
      "category": 26
    },
    {
      "name": "manCollections",
      "image": "",
      "layout": "twoColumn",
      "category": 28
    },
    {
      "layout": "bannerSale",
      "countdown": true,
      "showDateTime": true,
      "background": ["#b9121b", "#406AB3"],
      "textColor": "#fff",
      "tag": 2,
      "category": 21
    }
{
      "imageBanner": "https://s3-ap-southeast-1.amazonaws.com/mstore-bucket.io/wp-content/uploads/2019/02/25142102/MAN-large.png",
      "layout": "bannerImage",
      "height": 118,
      "category": 18
    },

{ "name": "blog",
      "layout": "Blog",
      "limit": 10,
      "page": 1,
      "category": 22
    },

*/
