{
    "DietStation": {
        "url2": "http://178.62.your.ip:8069",   // production server new

      
      "successUrl": "http://www.thedietstation.com/payment-success",
      "errorUrl": "http://www.thedietstation.com/payment-error",

      "perUnitGram": 50,

      "private": "private",
      "user_id": "user_id",
      "gender": "gender",
      "public": "public",

      "androidAppLink": "yourappurlhere",
      "iosAppLink": "yourappurlhere",

      "predefinedUrl" : [
        "/diet/register_update",
        "/diet/profile",
        "/diet/update_profile",
        "/diet/update_password",
        "/diet/update_dislikes",
        "/diet/update_plan_user",
        "/diet/update_address",
        "/diet/get-calendar",
        "/diet/get-menu-data",
        "/diet/update-meal-selection",
        "/diet/rate_product_item",
        "/diet/pause_unpause_day",
        "/diet/update_profile_partner",
        "/diet/home_screen",
        "/diet/add_edit_address",
        "/diet/delete_disable_address",
        "/diet/logout",
        "/diet/notifications/list",
        "/diet/notifications/clearall",
        "/diet/notifications/mark_readall"
      ],

      "InvalidCredential": "Invalid credentials",
      

    }
  }