
{
  "WooCommerce": {
    "url": "https://mstore.io",
    "consumerKey": "ck_b7594bc4391db4b56c635fe6da1072a53ca4535a",
    "consumerSecret": "cs_980b9edb120e15bd2a8b668cacc734f7eca0ba40"
  },
  "HorizonLayout": [
    {
      "layout": "circleCategory" 
    },

    {
      "imageBanner": "http://s3-ap-southeast-1.amazonaws.com/mstore-bucket.io/wp-content/uploads/2019/02/25174258/sale2.png",
      "column": 2,  
      "layout": "bannerImage", 
      "category": 19
    },
    {
      "imageBanner": "http://s3-ap-southeast-1.amazonaws.com/mstore-bucket.io/wp-content/uploads/2019/02/25174231/feature2.png",
      "column": 2,  
      "layout": "bannerImage", 
      "tag": 273
    },

    {
      "imageBanner": "http://s3-ap-southeast-1.amazonaws.com/mstore-bucket.io/wp-content/uploads/2019/02/25142145/woman-large.png",
      "layout": "bannerImage",
      "height": 118,
      "category": 22
    },

    {
      "imageBanner": "http://s3-ap-southeast-1.amazonaws.com/mstore-bucket.io/wp-content/uploads/2019/02/25142102/MAN-large.png",
      "layout": "bannerImage",
      "height": 118,
      "category": 18
    },

    {
      "imageBanner": "http://s3-ap-southeast-1.amazonaws.com/mstore-bucket.io/wp-content/uploads/2019/02/25142131/t-shirt.png",
      "column": 2,  
      "height": 130,
      "layout": "bannerImage",
      "category": 21
    },
    {
      "imageBanner": "http://s3-ap-southeast-1.amazonaws.com/mstore-bucket.io/wp-content/uploads/2019/02/25142117/shoes.png",
      "column": 2,  
      "height": 130,
      "layout": "bannerImage", 
      "category": 24
    },
    {
      "imageBanner": "http://s3-ap-southeast-1.amazonaws.com/mstore-bucket.io/wp-content/uploads/2019/02/25142046/ladys.png",
      "column": 2,  
      "height": 130,
      "layout": "bannerImage",
      "category": 208
    },
    {
      "imageBanner": "http://s3-ap-southeast-1.amazonaws.com/mstore-bucket.io/wp-content/uploads/2019/02/25142033/kids.png",
      "column": 2,  
      "height": 130,
      "layout": "bannerImage",
      "category": 26
    },
    
    {
      "imageBanner": "http://s3-ap-southeast-1.amazonaws.com/mstore-bucket.io/wp-content/uploads/2019/02/25142018/collection.png",
      "layout": "bannerImage",
      "height": 160,
      "imageMode": "cover",
      "category": 18
    }

  ],
  "MainColor": "#b9121b"
}
